,precision,recall,f1-score,support
0,0.9999895079765608,1.0,0.9999947539607597,381238.0
1,1.0,0.9923076923076923,0.9961389961389961,520.0
accuracy,0.9999895221580163,0.9999895221580163,0.9999895221580163,0.9999895221580163
macro avg,0.9999947539882804,0.9961538461538462,0.9980668750498779,381758.0
weighted avg,0.99998952226795,0.9999895221580163,0.9999895019580057,381758.0
