,precision,recall,f1-score,support
0,0.9993787093932848,0.9999711466328121,0.9996748402390448,381238.0
1,0.9625850340136054,0.5442307692307692,0.6953316953316953,520.0
accuracy,0.9993503737970127,0.9993503737970127,0.9993503737970127,0.9993503737970127
macro avg,0.9809818717034451,0.7721009579317906,0.84750326778537,381758.0
weighted avg,0.9993285920121233,0.9993503737970127,0.9992602885194952,381758.0
